insert into owners (owner_id, first_name, last_name, email, phone_number, address) values (1, 'Angus', 'Soaper', 'asoaper0@sbwire.com', '7474498388', '14 Warrior Park');
insert into owners (owner_id, first_name, last_name, email, phone_number, address) values (2, 'Gussie', 'Bridson', 'gbridson1@github.io', '1106938221', '80 Dexter Way');
insert into owners (owner_id, first_name, last_name, email, phone_number, address) values (3, 'Donn', 'McCurtain', 'dmccurtain2@cloudflare.com', '1744152055', '15 Sachtjen Pass');
insert into owners (owner_id, first_name, last_name, email, phone_number, address) values (4, 'Chloe', 'Zottoli', 'czottoli3@bbb.org', '8013787347', '135 Straubel Avenue');
insert into owners (owner_id, first_name, last_name, email, phone_number, address) values (5, 'Bearnard', 'Shrieve', 'bshrieve4@ning.com', '3455373386', '735 Westridge Park');
insert into owners (owner_id, first_name, last_name, email, phone_number, address) values (6, 'Vicki', 'Kubasiewicz', 'vkubasiewicz5@tmall.com', '4072480843', '3864 Nelson Hill');
insert into owners (owner_id, first_name, last_name, email, phone_number, address) values (7, 'Yoko', 'Moretto', 'ymoretto6@pbs.org', '1836416049', '8 Colorado Place');
insert into owners (owner_id, first_name, last_name, email, phone_number, address) values (8, 'Rodney', 'Bome', 'rbome7@hp.com', '4298688948', '024 Drewry Terrace');
insert into owners (owner_id, first_name, last_name, email, phone_number, address) values (9, 'Abba', 'Wooster', 'awooster8@pen.io', '4914112234', '563 Eggendart Point');
insert into owners (owner_id, first_name, last_name, email, phone_number, address) values (10, 'Chaim', 'Clausewitz', 'cclausewitz9@usda.gov', '8236726690', '676 Oxford Street');


insert into vehicles (vehicle_id, owner_id, make, model, year, vin_number, current_mileage, last_service_date) values (1, 1, 'Hummer', 'H2', 2003, 'JH4DC43531S661775', 5524, '2004-03-30');
insert into vehicles (vehicle_id, owner_id, make, model, year, vin_number, current_mileage, last_service_date) values (2, 2, 'Mazda', 'B-Series', 1995, 'ML32A3HJXFH260181', 3192, '2003-05-28');
insert into vehicles (vehicle_id, owner_id, make, model, year, vin_number, current_mileage, last_service_date) values (3, 3, 'Mercedes-Benz', 'CLK-Class', 2004, 'YV1672MK1B2375636', 4320, '2002-04-26');
insert into vehicles (vehicle_id, owner_id, make, model, year, vin_number, current_mileage, last_service_date) values (4, 4, 'Acura', 'NSX', 2002, 'JN8AF5MR4FT060559', 907, '2000-05-14');
insert into vehicles (vehicle_id, owner_id, make, model, year, vin_number, current_mileage, last_service_date) values (5, 5, 'Ford', 'E-Series', 1994, '1N6AF0LY2FN565346', 9633, '2001-02-02');
insert into vehicles (vehicle_id, owner_id, make, model, year, vin_number, current_mileage, last_service_date) values (6, 6, 'Isuzu', 'Rodeo', 2000, 'WAUGF98K99A969081', 4461, '2004-04-18');
insert into vehicles (vehicle_id, owner_id, make, model, year, vin_number, current_mileage, last_service_date) values (7, 7, 'Cadillac', 'DeVille', 2000, 'JN1CV6EKXDM413301', 33, '2003-12-31');
insert into vehicles (vehicle_id, owner_id, make, model, year, vin_number, current_mileage, last_service_date) values (8, 8, 'Dodge', 'Neon', 1996, '3N1CN7AP3EL283963', 8470, '2000-11-14');
insert into vehicles (vehicle_id, owner_id, make, model, year, vin_number, current_mileage, last_service_date) values (9, 9, 'Volvo', 'V50', 2006, 'WAULC68EX3A187167', 6009, '2003-05-25');
insert into vehicles (vehicle_id, owner_id, make, model, year, vin_number, current_mileage, last_service_date) values (10, 10, 'Nissan', 'Pathfinder', 2010, 'WAUAFAFL6FN697161', 6228, '2000-10-23');



insert into service_centers (center_id, center_name, location, contact_number, email, services_offered) values (1, 'Pontiac', '69 Reindahl Road', '7983028099', 'rspearett0@elpais.com', 'eleifend pede libero quis orci nullam molestie nibh in lectus');
insert into service_centers (center_id, center_name, location, contact_number, email, services_offered) values (2, 'Cadillac', '452 Susan Lane', '2996900785', 'wfall1@wikipedia.org', 'vulputate elementum nullam varius nulla');
insert into service_centers (center_id, center_name, location, contact_number, email, services_offered) values (3, 'Land Rover', '3 Eggendart Park', '9212685596', 'yjanoch2@amazon.com', 'bibendum morbi non quam nec');
insert into service_centers (center_id, center_name, location, contact_number, email, services_offered) values (4, 'Honda', '83082 Hanover Avenue', '7785341319', 'rmattecot3@dailymotion.com', 'morbi odio odio elementum eu interdum');
insert into service_centers (center_id, center_name, location, contact_number, email, services_offered) values (5, 'Land Rover', '3 Valley Edge Parkway', '2405655332', 'mhobben4@bravesites.com', 'parturient montes nascetur ridiculus mus');
insert into service_centers (center_id, center_name, location, contact_number, email, services_offered) values (6, 'Chevrolet', '14 Nancy Way', '5514747969', 'efleote5@liveinternet.ru', 'vivamus tortor duis mattis egestas metus aenean fermentum donec ut');
insert into service_centers (center_id, center_name, location, contact_number, email, services_offered) values (7, 'Mitsubishi', '56 Darwin Terrace', '5027739925', 'eglanville6@about.me', 'orci luctus et ultrices posuere cubilia curae mauris viverra');
insert into service_centers (center_id, center_name, location, contact_number, email, services_offered) values (8, 'Mazda', '007 Lakewood Gardens Parkway', '2216388831', 'aheersema7@trellian.com', 'sapien ut nunc vestibulum ante ipsum primis');
insert into service_centers (center_id, center_name, location, contact_number, email, services_offered) values (9, 'Toyota', '81 Vernon Road', '1829180731', 'aolivetti8@geocities.com', 'elementum nullam varius nulla facilisi cras non');
insert into service_centers (center_id, center_name, location, contact_number, email, services_offered) values (10, 'Mercedes-Benz', '0 Anniversary Pass', '1158445287', 'mwiper9@simplemachines.org', 'donec odio justo sollicitudin ut suscipit a feugiat et eros');


insert into service_records (service_id, vehicle_id, center_id, service_date, service_type, cost, service_details) values (1, 1, 1, '2002-09-19', 'fusce congue diam id ornare imperdiet', 56.06, 'blandit mi in porttitor pede justo');
insert into service_records (service_id, vehicle_id, center_id, service_date, service_type, cost, service_details) values (2, 2, 2, '2000-08-02', 'cras pellentesque volutpat dui maecenas', 79.55, 'nulla integer pede justo lacinia');
insert into service_records (service_id, vehicle_id, center_id, service_date, service_type, cost, service_details) values (3, 3, 3, '2004-02-15', 'potenti cras in purus eu magna vulputate luctus', 56.61, 'fusce lacus purus aliquet at feugiat non');
insert into service_records (service_id, vehicle_id, center_id, service_date, service_type, cost, service_details) values (4, 4, 4, '2000-12-06', 'nascetur ridiculus mus etiam vel augue', 70.37, 'curae duis faucibus accumsan odio curabitur convallis duis consequat');
insert into service_records (service_id, vehicle_id, center_id, service_date, service_type, cost, service_details) values (5, 5, 5, '2001-01-19', 'non ligula pellentesque ultrices phasellus', 71.05, 'etiam vel augue vestibulum rutrum');
insert into service_records (service_id, vehicle_id, center_id, service_date, service_type, cost, service_details) values (6, 6, 6, '2003-07-14', 'et magnis dis parturient montes', 52.77, 'consequat dui nec nisi volutpat eleifend donec');
insert into service_records (service_id, vehicle_id, center_id, service_date, service_type, cost, service_details) values (7, 7, 7, '2002-02-24', 'arcu adipiscing molestie hendrerit at vulputate vitae nisl', 64.05, 'sit amet justo morbi ut odio cras mi pede malesuada');
insert into service_records (service_id, vehicle_id, center_id, service_date, service_type, cost, service_details) values (8, 8, 8, '2003-04-19', 'justo aliquam quis turpis eget elit sodales', 96.45, 'amet sapien dignissim vestibulum vestibulum ante ipsum primis in');
insert into service_records (service_id, vehicle_id, center_id, service_date, service_type, cost, service_details) values (9, 9, 9, '2000-04-07', 'quisque id justo sit amet sapien dignissim', 59.93, 'ullamcorper augue a suscipit nulla elit');
insert into service_records (service_id, vehicle_id, center_id, service_date, service_type, cost, service_details) values (10, 10, 10, '2001-07-26', 'accumsan felis ut at dolor quis odio consequat varius', 88.64, 'amet consectetuer adipiscing elit proin risus praesent lectus vestibulum quam');


insert into maintenance_alerts (alert_id, vehicle_id, alert_date, alert_type, description, status) values (1, 1, '2004-03-26', 'pede libero quis', 'in felis eu sapien cursus vestibulum proin eu', 'non mauris');
insert into maintenance_alerts (alert_id, vehicle_id, alert_date, alert_type, description, status) values (2, 2, '2003-01-28', 'nisl aenean', 'mi sit amet lobortis sapien sapien', 'quisque');
insert into maintenance_alerts (alert_id, vehicle_id, alert_date, alert_type, description, status) values (3, 3, '2001-08-15', 'mi sit amet', 'aliquam convallis nunc proin at turpis', 'erat fermentum');
insert into maintenance_alerts (alert_id, vehicle_id, alert_date, alert_type, description, status) values (4, 4, '2003-02-19', 'interdum mauris', 'at nibh in hac habitasse platea', 'mi in');
insert into maintenance_alerts (alert_id, vehicle_id, alert_date, alert_type, description, status) values (5, 5, '2002-08-08', 'erat nulla tempus', 'venenatis tristique fusce congue diam id ornare imperdiet', 'eget');
insert into maintenance_alerts (alert_id, vehicle_id, alert_date, alert_type, description, status) values (6, 6, '2001-01-03', 'ultrices erat tortor', 'morbi vestibulum velit id pretium iaculis diam erat fermentum', 'vel ipsum');
insert into maintenance_alerts (alert_id, vehicle_id, alert_date, alert_type, description, status) values (7, 7, '2002-11-17', 'erat nulla tempus', 'nulla tellus in sagittis dui vel nisl duis', 'consequat');
insert into maintenance_alerts (alert_id, vehicle_id, alert_date, alert_type, description, status) values (8, 8, '2003-10-03', 'tempus semper est', 'placerat ante nulla justo aliquam', 'nulla');
insert into maintenance_alerts (alert_id, vehicle_id, alert_date, alert_type, description, status) values (9, 9, '2004-07-12', 'id lobortis', 'nulla tempus vivamus in felis', 'viverra diam');
insert into maintenance_alerts (alert_id, vehicle_id, alert_date, alert_type, description, status) values (10, 10, '2000-01-11', 'justo in', 'volutpat quam pede lobortis ligula sit amet eleifend', 'est quam');

